-- Seed Data for Political Social Media Assessment
-- Run this in Supabase SQL Editor after creating the tables

-- Insert Provinces
INSERT INTO provinces (id, name_en, name_np) VALUES
(1, 'Koshi Province', 'कोशी प्रदेश'),
(2, 'Madhesh Province', 'मधेश प्रदेश'),
(3, 'Bagmati Province', 'बाग्मती प्रदेश'),
(4, 'Gandaki Province', 'गण्डकी प्रदेश'),
(5, 'Lumbini Province', 'लुम्बिनी प्रदेश'),
(6, 'Karnali Province', 'कर्णाली प्रदेश'),
(7, 'Sudurpashchim Province', 'सुदूरपश्चिम प्रदेश')
ON CONFLICT (id) DO NOTHING;

-- Insert Districts
INSERT INTO districts (id, name_en, name_np, province_id) VALUES
(1, 'Bhojpur', 'भोजपुर', 1),
(2, 'Dhankuta', 'धनकुटा', 1),
(3, 'Ilam', 'इलाम', 1),
(4, 'Jhapa', 'झापा', 1),
(5, 'Khotang', 'खोटाङ', 1),
(6, 'Morang', 'मोरङ', 1),
(7, 'Okhaldhunga', 'ओखलढुङ्गा', 1),
(8, 'Panchthar', 'पाँचथर', 1),
(9, 'Sankhuwasabha', 'संखुवासभा', 1),
(10, 'Solukhumbu', 'सोलुखुम्बु', 1),
(11, 'Sunsari', 'सुनसरी', 1),
(12, 'Taplejung', 'ताप्लेजुङ', 1),
(13, 'Terhathum', 'तेह्रथुम', 1),
(14, 'Udayapur', 'उदयपुर', 1),
(15, 'Saptari', 'सप्तरी', 2),
(16, 'Siraha', 'सिराहा', 2),
(17, 'Dhanusha', 'धनुषा', 2),
(18, 'Mahottari', 'महोत्तरी', 2),
(19, 'Sarlahi', 'सर्लाही', 2),
(20, 'Rautahat', 'रौतहट', 2),
(21, 'Bara', 'बारा', 2),
(22, 'Parsa', 'पर्सा', 2),
(23, 'Sindhuli', 'सिन्धुली', 3),
(24, 'Ramechhap', 'रामेछाप', 3),
(25, 'Dolakha', 'दोलखा', 3),
(26, 'Sindhupalchok', 'सिन्धुपाल्चोक', 3),
(27, 'Kavrepalanchok', 'काभ्रेपलाञ्चोक', 3),
(28, 'Lalitpur', 'ललितपुर', 3),
(29, 'Bhaktapur', 'भक्तपुर', 3),
(30, 'Kathmandu', 'काठमाडौं', 3),
(31, 'Nuwakot', 'नुवाकोट', 3),
(32, 'Rasuwa', 'रसुवा', 3),
(33, 'Dhading', 'धादिङ', 3),
(34, 'Makwanpur', 'मकवानपुर', 3),
(35, 'Chitwan', 'चितवन', 3),
(36, 'Gorkha', 'गोरखा', 4),
(37, 'Lamjung', 'लमजुङ', 4),
(38, 'Tanahu', 'तनहुँ', 4),
(39, 'Syangja', 'स्याङ्जा', 4),
(40, 'Kaski', 'कास्की', 4),
(41, 'Manang', 'मनाङ', 4),
(42, 'Mustang', 'मुस्ताङ', 4),
(43, 'Myagdi', 'म्याग्दी', 4),
(44, 'Parbat', 'पर्वत', 4),
(45, 'Baglung', 'बाग्लुङ', 4),
(46, 'Nawalpur', 'नवलपुर', 4),
(47, 'Rupandehi', 'रुपन्देही', 5),
(48, 'Kapilvastu', 'कपिलवस्तु', 5),
(49, 'Arghakhanchi', 'अर्घाखाँची', 5),
(50, 'Gulmi', 'गुल्मी', 5),
(51, 'Palpa', 'पाल्पा', 5),
(52, 'Nawalparasi West', 'नवलपरासी (बर्दघाट सुस्ता पश्चिम)', 5),
(53, 'Dang', 'दाङ', 5),
(54, 'Pyuthan', 'प्युठान', 5),
(55, 'Rolpa', 'रोल्पा', 5),
(56, 'Eastern Rukum', 'रुकुम पूर्व', 5),
(57, 'Banke', 'बाँके', 5),
(58, 'Bardiya', 'बर्दिया', 5),
(59, 'Western Rukum', 'रुकुम पश्चिम', 6),
(60, 'Salyan', 'सल्यान', 6),
(61, 'Dolpa', 'डोल्पा', 6),
(62, 'Humla', 'हुम्ला', 6),
(63, 'Jumla', 'जुम्ला', 6),
(64, 'Kalikot', 'कालिकोट', 6),
(65, 'Mugu', 'मुगु', 6),
(66, 'Surkhet', 'सुर्खेत', 6),
(67, 'Dailekh', 'दैलेख', 6),
(68, 'Jajarkot', 'जाजरकोट', 6),
(69, 'Kailali', 'कैलाली', 7),
(70, 'Achham', 'अछाम', 7),
(71, 'Doti', 'डोटी', 7),
(72, 'Bajhang', 'बझाङ', 7),
(73, 'Bajura', 'बाजुरा', 7),
(74, 'Kanchanpur', 'कञ्चनपुर', 7),
(75, 'Dadeldhura', 'डडेल्धुरा', 7),
(76, 'Baitadi', 'बैतडी', 7),
(77, 'Darchula', 'दार्चुला', 7)
ON CONFLICT (id) DO NOTHING;

-- Insert Constituencies
INSERT INTO constituencies (id, name, district_id) VALUES
(163, 'निर्वाचन क्षेत्र नं. 1', 12),
(164, 'निर्वाचन क्षेत्र नं. 1', 8),
(165, 'निर्वाचन क्षेत्र नं. 1', 3),
(166, 'निर्वाचन क्षेत्र नं. 2', 3),
(167, 'निर्वाचन क्षेत्र नं. 1', 4),
(168, 'निर्वाचन क्षेत्र नं. 2', 4),
(169, 'निर्वाचन क्षेत्र नं. 3', 4),
(170, 'निर्वाचन क्षेत्र नं. 4', 4),
(171, 'निर्वाचन क्षेत्र नं. 5', 4),
(172, 'निर्वाचन क्षेत्र नं. 1', 9),
(173, 'निर्वाचन क्षेत्र नं. 1', 13),
(174, 'निर्वाचन क्षेत्र नं. 1', 1),
(175, 'निर्वाचन क्षेत्र नं. 1', 2),
(176, 'निर्वाचन क्षेत्र नं. 1', 6),
(177, 'निर्वाचन क्षेत्र नं. 2', 6),
(178, 'निर्वाचन क्षेत्र नं. 3', 6),
(179, 'निर्वाचन क्षेत्र नं. 4', 6),
(180, 'निर्वाचन क्षेत्र नं. 5', 6),
(181, 'निर्वाचन क्षेत्र नं. 6', 6),
(182, 'निर्वाचन क्षेत्र नं. 1', 11),
(183, 'निर्वाचन क्षेत्र नं. 2', 11),
(184, 'निर्वाचन क्षेत्र नं. 3', 11),
(185, 'निर्वाचन क्षेत्र नं. 4', 11),
(186, 'निर्वाचन क्षेत्र नं. 1', 10),
(187, 'निर्वाचन क्षेत्र नं. 1', 5),
(188, 'निर्वाचन क्षेत्र नं. 1', 7),
(189, 'निर्वाचन क्षेत्र नं. 1', 14),
(190, 'निर्वाचन क्षेत्र नं. 2', 14),
(191, 'निर्वाचन क्षेत्र नं. 1', 15),
(192, 'निर्वाचन क्षेत्र नं. 2', 15),
(193, 'निर्वाचन क्षेत्र नं. 3', 15),
(194, 'निर्वाचन क्षेत्र नं. 4', 15),
(195, 'निर्वाचन क्षेत्र नं. 1', 16),
(196, 'निर्वाचन क्षेत्र नं. 2', 16),
(197, 'निर्वाचन क्षेत्र नं. 3', 16),
(198, 'निर्वाचन क्षेत्र नं. 4', 16),
(199, 'निर्वाचन क्षेत्र नं. 1', 25),
(200, 'निर्वाचन क्षेत्र नं. 1', 24),
(201, 'निर्वाचन क्षेत्र नं. 1', 23),
(202, 'निर्वाचन क्षेत्र नं. 2', 23),
(203, 'निर्वाचन क्षेत्र नं. 1', 17),
(204, 'निर्वाचन क्षेत्र नं. 2', 17),
(205, 'निर्वाचन क्षेत्र नं. 3', 17),
(206, 'निर्वाचन क्षेत्र नं. 4', 17),
(207, 'निर्वाचन क्षेत्र नं. 1', 18),
(208, 'निर्वाचन क्षेत्र नं. 2', 18),
(209, 'निर्वाचन क्षेत्र नं. 3', 18),
(210, 'निर्वाचन क्षेत्र नं. 4', 18),
(211, 'निर्वाचन क्षेत्र नं. 1', 19),
(212, 'निर्वाचन क्षेत्र नं. 2', 19),
(213, 'निर्वाचन क्षेत्र नं. 3', 19),
(214, 'निर्वाचन क्षेत्र नं. 4', 19),
(215, 'निर्वाचन क्षेत्र नं. 1', 32),
(216, 'निर्वाचन क्षेत्र नं. 1', 33),
(217, 'निर्वाचन क्षेत्र नं. 2', 33),
(218, 'निर्वाचन क्षेत्र नं. 1', 31),
(219, 'निर्वाचन क्षेत्र नं. 2', 31),
(220, 'निर्वाचन क्षेत्र नं. 1', 30),
(221, 'निर्वाचन क्षेत्र नं. 2', 30),
(222, 'निर्वाचन क्षेत्र नं. 3', 30),
(223, 'निर्वाचन क्षेत्र नं. 4', 30),
(224, 'निर्वाचन क्षेत्र नं. 5', 30),
(225, 'निर्वाचन क्षेत्र नं. 6', 30),
(226, 'निर्वाचन क्षेत्र नं. 7', 30),
(227, 'निर्वाचन क्षेत्र नं. 8', 30),
(228, 'निर्वाचन क्षेत्र नं. 9', 30),
(229, 'निर्वाचन क्षेत्र नं. 10', 30),
(230, 'निर्वाचन क्षेत्र नं. 1', 29),
(231, 'निर्वाचन क्षेत्र नं. 2', 29),
(232, 'निर्वाचन क्षेत्र नं. 1', 28),
(233, 'निर्वाचन क्षेत्र नं. 2', 28),
(234, 'निर्वाचन क्षेत्र नं. 3', 28),
(235, 'निर्वाचन क्षेत्र नं. 1', 27),
(236, 'निर्वाचन क्षेत्र नं. 2', 27),
(237, 'निर्वाचन क्षेत्र नं. 1', 26),
(238, 'निर्वाचन क्षेत्र नं. 2', 26),
(239, 'निर्वाचन क्षेत्र नं. 1', 34),
(240, 'निर्वाचन क्षेत्र नं. 2', 34),
(241, 'निर्वाचन क्षेत्र नं. 1', 20),
(242, 'निर्वाचन क्षेत्र नं. 2', 20),
(243, 'निर्वाचन क्षेत्र नं. 3', 20),
(244, 'निर्वाचन क्षेत्र नं. 4', 20),
(245, 'निर्वाचन क्षेत्र नं. 1', 21),
(246, 'निर्वाचन क्षेत्र नं. 2', 21),
(247, 'निर्वाचन क्षेत्र नं. 3', 21),
(248, 'निर्वाचन क्षेत्र नं. 4', 21),
(249, 'निर्वाचन क्षेत्र नं. 1', 22),
(250, 'निर्वाचन क्षेत्र नं. 2', 22),
(251, 'निर्वाचन क्षेत्र नं. 3', 22),
(252, 'निर्वाचन क्षेत्र नं. 4', 22),
(253, 'निर्वाचन क्षेत्र नं. 1', 35),
(254, 'निर्वाचन क्षेत्र नं. 2', 35),
(255, 'निर्वाचन क्षेत्र नं. 3', 35),
(256, 'निर्वाचन क्षेत्र नं. 1', 36),
(257, 'निर्वाचन क्षेत्र नं. 2', 36),
(258, 'निर्वाचन क्षेत्र नं. 1', 41),
(259, 'निर्वाचन क्षेत्र नं. 1', 37),
(260, 'निर्वाचन क्षेत्र नं. 1', 40),
(261, 'निर्वाचन क्षेत्र नं. 2', 40),
(262, 'निर्वाचन क्षेत्र नं. 3', 40),
(263, 'निर्वाचन क्षेत्र नं. 1', 38),
(264, 'निर्वाचन क्षेत्र नं. 2', 38),
(265, 'निर्वाचन क्षेत्र नं. 1', 50),
(266, 'निर्वाचन क्षेत्र नं. 2', 50),
(267, 'निर्वाचन क्षेत्र नं. 1', 51),
(268, 'निर्वाचन क्षेत्र नं. 2', 51),
(269, 'निर्वाचन क्षेत्र नं. 1', 49),
(270, 'निर्वाचन क्षेत्र नं. 1', 42),
(271, 'निर्वाचन क्षेत्र नं. 1', 43),
(272, 'निर्वाचन क्षेत्र नं. 1', 45),
(273, 'निर्वाचन क्षेत्र नं. 2', 45),
(274, 'निर्वाचन क्षेत्र नं. 1', 44),
(275, 'निर्वाचन क्षेत्र नं. 1', 55),
(276, 'निर्वाचन क्षेत्र नं. 1', 60),
(277, 'निर्वाचन क्षेत्र नं. 1', 53),
(278, 'निर्वाचन क्षेत्र नं. 2', 53),
(279, 'निर्वाचन क्षेत्र नं. 3', 53),
(280, 'निर्वाचन क्षेत्र नं. 1', 61),
(281, 'निर्वाचन क्षेत्र नं. 1', 65),
(282, 'निर्वाचन क्षेत्र नं. 1', 63),
(283, 'निर्वाचन क्षेत्र नं. 1', 64),
(284, 'निर्वाचन क्षेत्र नं. 1', 62),
(285, 'निर्वाचन क्षेत्र नं. 1', 68),
(286, 'निर्वाचन क्षेत्र नं. 1', 67),
(287, 'निर्वाचन क्षेत्र नं. 2', 67),
(288, 'निर्वाचन क्षेत्र नं. 1', 66),
(289, 'निर्वाचन क्षेत्र नं. 2', 66),
(290, 'निर्वाचन क्षेत्र नं. 1', 57),
(291, 'निर्वाचन क्षेत्र नं. 2', 57),
(292, 'निर्वाचन क्षेत्र नं. 3', 57),
(293, 'निर्वाचन क्षेत्र नं. 1', 58),
(294, 'निर्वाचन क्षेत्र नं. 2', 58),
(295, 'निर्वाचन क्षेत्र नं. 1', 73),
(296, 'निर्वाचन क्षेत्र नं. 1', 70),
(297, 'निर्वाचन क्षेत्र नं. 2', 70),
(298, 'निर्वाचन क्षेत्र नं. 1', 72),
(299, 'निर्वाचन क्षेत्र नं. 1', 71),
(300, 'निर्वाचन क्षेत्र नं. 1', 69),
(301, 'निर्वाचन क्षेत्र नं. 2', 69),
(302, 'निर्वाचन क्षेत्र नं. 3', 69),
(303, 'निर्वाचन क्षेत्र नं. 4', 69),
(304, 'निर्वाचन क्षेत्र नं. 5', 69),
(305, 'निर्वाचन क्षेत्र नं. 1', 77),
(306, 'निर्वाचन क्षेत्र नं. 1', 76),
(307, 'निर्वाचन क्षेत्र नं. 1', 74),
(308, 'निर्वाचन क्षेत्र नं. 2', 74),
(309, 'निर्वाचन क्षेत्र नं. 3', 74),
(310, 'निर्वाचन क्षेत्र नं. 1', 52),
(311, 'निर्वाचन क्षेत्र नं. 2', 52),
(312, 'निर्वाचन क्षेत्र नं. 1', 59),
(313, 'निर्वाचन क्षेत्र नं. 1', 39),
(314, 'निर्वाचन क्षेत्र नं. 2', 39),
(315, 'निर्वाचन क्षेत्र नं. 1', 46),
(316, 'निर्वाचन क्षेत्र नं. 2', 46),
(317, 'निर्वाचन क्षेत्र नं. 1', 47),
(318, 'निर्वाचन क्षेत्र नं. 2', 47),
(319, 'निर्वाचन क्षेत्र नं. 3', 47),
(320, 'निर्वाचन क्षेत्र नं. 4', 47),
(321, 'निर्वाचन क्षेत्र नं. 5', 47),
(322, 'निर्वाचन क्षेत्र नं. 1', 48),
(323, 'निर्वाचन क्षेत्र नं. 2', 48),
(324, 'निर्वाचन क्षेत्र नं. 3', 48),
(325, 'निर्वाचन क्षेत्र नं. 1', 56),
(326, 'निर्वाचन क्षेत्र नं. 1', 54),
(327, 'निर्वाचन क्षेत्र नं. 1', 75)
ON CONFLICT (id) DO NOTHING;
